Date,Open*,High,Low,Close**,Volume,Market Cap
"Jul 22, 2022","$23,163.75","$23,671.93","$22,603.42","$22,714.98","$31,421,555,646","$433,866,028,177"
"Jul 21, 2022","$23,233.20","$23,388.32","$22,431.15","$23,164.63","$33,631,012,204","$442,435,421,339"
"Jul 20, 2022","$23,393.19","$24,196.82","$23,009.95","$23,231.73","$42,932,549,127","$443,696,738,856"
"Jul 19, 2022","$22,467.85","$23,666.96","$21,683.41","$23,389.43","$48,765,202,697","$446,690,803,766"
"Jul 18, 2022","$20,781.91","$22,633.03","$20,781.91","$22,485.69","$39,974,475,562","$429,412,153,274"
"Jul 17, 2022","$21,195.04","$21,600.64","$20,778.18","$20,779.34","$22,927,802,083","$396,808,327,005"
"Jul 16, 2022","$20,834.10","$21,514.40","$20,518.90","$21,190.32","$24,302,954,056","$404,639,672,831"
"Jul 15, 2022","$20,573.16","$21,138.24","$20,397.00","$20,836.33","$25,905,575,359","$397,861,215,081"
"Jul 14, 2022","$20,211.47","$20,789.89","$19,689.26","$20,569.92","$31,158,743,333","$392,755,738,689"
"Jul 13, 2022","$19,325.97","$20,223.05","$18,999.95","$20,212.07","$33,042,430,345","$385,908,229,968"
"Jul 12, 2022","$19,970.48","$20,043.45","$19,308.53","$19,323.91","$25,810,220,018","$368,936,762,201"
"Jul 11, 2022","$20,856.35","$20,856.35","$19,924.54","$19,970.56","$24,150,249,025","$381,264,246,558"
"Jul 10, 2022","$21,591.08","$21,591.08","$20,727.12","$20,860.45","$28,688,807,249","$398,237,577,323"
"Jul 09, 2022","$21,716.83","$21,877.14","$21,445.96","$21,592.21","$29,641,127,858","$412,185,216,768"
"Jul 08, 2022","$21,637.16","$22,314.94","$21,257.45","$21,731.12","$49,899,834,488","$414,819,851,681"
"Jul 07, 2022","$20,547.81","$21,771.82","$20,296.10","$21,637.59","$25,814,972,520","$413,013,947,459"
"Jul 06, 2022","$20,194.62","$20,595.53","$19,823.51","$20,548.25","$24,598,943,708","$392,200,896,305"
"Jul 05, 2022","$20,225.35","$20,635.47","$19,341.23","$20,190.11","$26,715,546,990","$385,349,780,370"
"Jul 04, 2022","$19,297.31","$20,258.75","$19,063.07","$20,231.26","$21,594,638,208","$386,119,553,712"
"Jul 03, 2022","$19,242.09","$19,558.27","$18,966.95","$19,297.08","$16,390,821,947","$368,272,636,368"
"Jul 02, 2022","$19,274.84","$19,371.75","$19,027.08","$19,242.26","$18,100,418,740","$367,208,487,557"
"Jul 01, 2022","$19,820.47","$20,632.67","$19,073.71","$19,269.37","$30,767,551,159","$367,709,366,219"
"Jun 30, 2022","$20,108.31","$20,141.16","$18,729.66","$19,784.73","$26,267,239,923","$377,526,215,552"
"Jun 29, 2022","$20,281.17","$20,364.16","$19,937.79","$20,104.02","$23,552,740,328","$383,598,071,095"
"Jun 28, 2022","$20,731.54","$21,164.42","$20,228.81","$20,280.64","$21,381,535,161","$386,949,194,398"
"Jun 27, 2022","$21,028.24","$21,478.09","$20,620.20","$20,735.48","$20,965,695,707","$395,606,854,741"
"Jun 26, 2022","$21,496.49","$21,783.72","$21,016.27","$21,027.30","$18,027,170,497","$401,157,940,864"
"Jun 25, 2022","$21,233.61","$21,520.91","$20,964.59","$21,502.34","$18,372,538,715","$410,202,265,385"
"Jun 24, 2022","$21,084.65","$21,472.92","$20,777.51","$21,231.66","$24,957,784,918","$405,018,505,024"
"Jun 23, 2022","$19,986.61","$21,135.76","$19,950.12","$21,085.88","$26,188,097,173","$402,219,959,761"
"Jun 22, 2022","$20,719.41","$20,835.75","$19,848.08","$19,987.03","$28,574,793,478","$381,240,087,224"
"Jun 21, 2022","$20,594.29","$21,620.63","$20,415.06","$20,710.60","$28,970,212,744","$395,025,644,880"
"Jun 20, 2022","$20,553.37","$20,913.32","$19,689.17","$20,599.54","$30,818,458,597","$392,888,024,959"
"Jun 19, 2022","$19,010.90","$20,683.82","$18,067.15","$20,553.27","$35,329,942,625","$391,988,917,194"
"Jun 18, 2022","$20,473.42","$20,736.04","$17,708.62","$19,017.64","$42,009,436,760","$362,685,324,229"
"Jun 17, 2022","$20,385.72","$21,243.31","$20,326.52","$20,471.48","$27,132,421,514","$390,391,528,176"
"Jun 16, 2022","$22,576.31","$22,868.92","$20,265.23","$20,381.65","$31,183,975,654","$388,664,840,557"
"Jun 15, 2022","$22,196.73","$22,642.67","$20,178.38","$22,572.84","$54,912,007,015","$430,432,160,006"
"Jun 14, 2022","$22,487.99","$23,018.95","$20,950.82","$22,206.79","$50,913,575,242","$423,429,131,864"
"Jun 13, 2022","$26,737.58","$26,795.59","$22,141.26","$22,487.39","$68,204,556,440","$428,759,852,105"
"Jun 12, 2022","$28,373.51","$28,502.69","$26,762.65","$26,762.65","$34,163,220,274","$510,252,464,821"
"Jun 11, 2022","$29,084.67","$29,401.92","$28,236.21","$28,360.81","$27,246,574,439","$540,698,499,860"
"Jun 10, 2022","$30,110.33","$30,245.81","$28,978.15","$29,083.80","$29,867,476,527","$554,455,834,486"
"Jun 09, 2022","$30,215.28","$30,609.31","$30,020.26","$30,112.00","$21,692,004,719","$574,029,141,739"
"Jun 08, 2022","$31,151.48","$31,253.69","$29,944.40","$30,214.36","$30,242,059,107","$575,953,219,488"
"Jun 07, 2022","$31,371.74","$31,489.68","$29,311.68","$31,155.48","$40,770,974,039","$593,857,882,017"
"Jun 06, 2022","$29,910.28","$31,693.29","$29,894.19","$31,370.67","$31,947,336,829","$597,927,548,347"
"Jun 05, 2022","$29,835.12","$30,117.74","$29,574.45","$29,906.66","$17,264,085,441","$569,996,838,237"
"Jun 04, 2022","$29,706.14","$29,930.56","$29,500.01","$29,832.91","$16,588,370,958","$568,564,420,350"
"Jun 03, 2022","$30,467.81","$30,633.03","$29,375.69","$29,704.39","$26,175,547,452","$566,088,081,691"
"Jun 02, 2022","$29,794.89","$30,604.73","$29,652.70","$30,467.49","$29,083,562,061","$580,603,466,872"
"Jun 01, 2022","$31,792.55","$31,957.28","$29,501.59","$29,799.08","$41,135,817,341","$567,842,680,886"
"May 31, 2022","$31,723.87","$32,249.86","$31,286.15","$31,792.31","$33,538,210,634","$605,797,887,876"
"May 30, 2022","$29,443.37","$31,949.63","$29,303.57","$31,726.39","$39,277,993,274","$604,513,442,526"
"May 29, 2022","$29,019.87","$29,498.01","$28,841.11","$29,445.96","$18,093,886,409","$561,034,743,433"
"May 28, 2022","$28,842.10","$29,135.92","$28,554.57","$29,023.49","$19,252,320,708","$552,958,193,308"
"May 27, 2022","$29,251.14","$29,346.94","$28,326.61","$28,627.57","$36,582,005,748","$545,388,222,664"
"May 26, 2022","$29,564.78","$29,834.16","$28,261.91","$29,267.22","$36,774,325,352","$557,547,946,793"
"May 25, 2022","$29,653.14","$30,157.78","$29,384.95","$29,562.36","$27,525,063,551","$563,145,244,692"
"May 24, 2022","$29,101.13","$29,774.35","$28,786.59","$29,655.59","$26,616,506,245","$564,895,173,841"
"May 23, 2022","$30,309.40","$30,590.59","$28,975.56","$29,098.91","$31,483,454,557","$554,268,758,109"
"May 22, 2022","$29,432.47","$30,425.86","$29,275.18","$30,323.72","$21,631,532,270","$577,568,895,836"
"May 21, 2022","$29,199.86","$29,588.87","$29,027.39","$29,432.23","$17,274,840,442","$560,565,793,082"
"May 20, 2022","$30,311.12","$30,664.98","$28,793.61","$29,200.74","$30,749,382,605","$556,131,920,269"
"May 19, 2022","$28,720.36","$30,430.75","$28,708.96","$30,314.33","$33,773,447,707","$577,316,228,899"
"May 18, 2022","$30,424.48","$30,618.72","$28,720.27","$28,720.27","$31,285,268,319","$546,936,441,380"
"May 17, 2022","$29,862.41","$30,694.49","$29,570.30","$30,425.86","$29,101,473,475","$579,391,415,566"
"May 16, 2022","$31,304.37","$31,305.34","$29,251.89","$29,862.92","$32,613,897,286","$568,643,328,349"
"May 15, 2022","$30,098.59","$31,308.19","$29,527.74","$31,305.11","$25,835,372,065","$596,074,575,228"
"May 14, 2022","$29,285.64","$30,192.80","$28,702.91","$30,101.27","$28,579,868,620","$573,129,618,195"
"May 13, 2022","$29,030.91","$30,924.80","$28,782.33","$29,283.10","$42,841,124,537","$557,525,025,253"
"May 12, 2022","$28,936.73","$30,032.44","$26,350.49","$29,047.75","$66,989,173,272","$553,017,241,735"
"May 11, 2022","$31,016.18","$32,013.40","$28,170.41","$28,936.36","$70,388,855,818","$550,870,071,634"
"May 10, 2022","$30,273.65","$32,596.31","$29,944.80","$31,022.91","$59,811,038,817","$590,565,398,299"
"May 09, 2022","$34,060.02","$34,222.07","$30,296.95","$30,296.95","$63,355,494,961","$576,716,899,023"
"May 08, 2022","$35,502.94","$35,502.94","$33,878.96","$34,059.26","$36,763,041,910","$648,302,121,215"
"May 07, 2022","$36,042.50","$36,129.93","$34,940.82","$35,501.95","$24,375,896,406","$675,729,532,874"
"May 06, 2022","$36,573.18","$36,624.36","$35,482.13","$36,040.92","$37,795,577,489","$685,953,792,236"
"May 05, 2022","$39,695.75","$39,789.28","$35,856.52","$36,575.14","$43,106,256,317","$696,088,266,356"
"May 04, 2022","$37,748.01","$39,902.95","$37,732.06","$39,698.37","$36,754,404,490","$755,491,473,700"
"May 03, 2022","$38,528.11","$38,629.99","$37,585.62","$37,750.45","$27,326,943,244","$718,385,701,943"
"May 02, 2022","$38,472.19","$39,074.97","$38,156.56","$38,529.33","$32,922,642,426","$733,170,725,791"
"May 01, 2022","$37,713.27","$38,627.86","$37,585.79","$38,469.09","$27,002,760,110","$731,986,764,312"
"Apr 30, 2022","$38,605.86","$38,771.21","$37,697.94","$37,714.88","$23,895,713,731","$717,596,901,509"
"Apr 29, 2022","$39,768.62","$39,887.27","$38,235.54","$38,609.82","$30,882,994,649","$734,589,762,490"
"Apr 28, 2022","$39,241.43","$40,269.47","$38,941.42","$39,773.83","$33,903,704,907","$756,698,317,682"
"Apr 27, 2022","$38,120.30","$39,397.92","$37,997.31","$39,241.12","$30,981,015,184","$746,531,438,329"
"Apr 26, 2022","$40,448.42","$40,713.89","$37,884.99","$38,117.46","$34,569,088,416","$725,113,482,674"
"Apr 25, 2022","$39,472.61","$40,491.75","$38,338.38","$40,458.31","$35,445,730,570","$769,607,056,243"
"Apr 24, 2022","$39,478.37","$39,845.92","$39,233.54","$39,469.29","$17,964,398,167","$750,755,023,764"
"Apr 23, 2022","$39,738.72","$39,935.86","$39,352.20","$39,486.73","$16,138,021,249","$751,045,477,435"
"Apr 22, 2022","$40,525.86","$40,777.76","$39,315.42","$39,740.32","$28,011,716,745","$755,827,581,233"
"Apr 21, 2022","$41,371.52","$42,893.58","$40,063.83","$40,527.36","$35,372,786,395","$770,762,297,843"
"Apr 20, 2022","$41,501.74","$42,126.30","$40,961.10","$41,374.38","$27,819,532,341","$786,828,424,699"
"Apr 19, 2022","$40,828.17","$41,672.96","$40,618.63","$41,502.75","$25,303,206,547","$789,227,424,713"
"Apr 18, 2022","$39,721.20","$40,986.32","$38,696.19","$40,826.21","$33,705,182,072","$776,330,593,866"
"Apr 17, 2022","$40,417.78","$40,570.73","$39,620.89","$39,716.95","$19,087,633,042","$755,201,997,823"
"Apr 16, 2022","$40,552.32","$40,633.68","$40,078.43","$40,424.48","$16,833,150,693","$768,615,440,640"
"Apr 15, 2022","$39,939.40","$40,617.72","$39,866.83","$40,553.46","$21,756,855,753","$771,033,872,659"
"Apr 14, 2022","$41,160.22","$41,451.48","$39,695.74","$39,935.52","$24,342,001,973","$759,245,303,311"
"Apr 13, 2022","$40,123.57","$41,430.05","$39,712.75","$41,166.73","$27,691,105,228","$782,617,115,810"
"Apr 12, 2022","$39,533.71","$40,617.59","$39,388.33","$40,127.18","$30,991,500,854","$762,819,737,794"
"Apr 11, 2022","$42,201.04","$42,424.59","$39,373.06","$39,521.90","$33,949,912,166","$751,274,786,459"
"Apr 10, 2022","$42,781.09","$43,376.38","$42,021.21","$42,207.67","$17,654,475,582","$802,293,412,897"
"Apr 09, 2022","$42,282.08","$42,786.82","$42,183.25","$42,782.14","$16,050,772,496","$813,175,789,802"
"Apr 08, 2022","$43,505.14","$43,903.02","$42,183.29","$42,287.66","$27,215,995,394","$803,736,501,494"
"Apr 07, 2022","$43,207.50","$43,860.70","$42,899.91","$43,503.85","$26,101,973,106","$826,814,841,543"
"Apr 06, 2022","$45,544.36","$45,544.36","$43,193.95","$43,206.74","$39,393,395,788","$821,131,605,927"
"Apr 05, 2022","$46,624.51","$47,106.14","$45,544.81","$45,555.99","$29,640,604,055","$865,734,982,991"
"Apr 04, 2022","$46,445.27","$46,791.09","$45,235.82","$46,622.67","$32,499,785,455","$885,964,854,050"
"Apr 03, 2022","$45,859.13","$47,313.48","$45,634.10","$46,453.57","$25,414,397,610","$882,703,992,271"
"Apr 02, 2022","$46,285.50","$47,028.28","$45,782.51","$45,868.95","$29,336,594,194","$871,556,728,553"
"Apr 01, 2022","$45,554.16","$46,616.24","$44,403.14","$46,281.64","$38,162,644,287","$879,359,612,625"
"Mar 31, 2022","$47,062.15","$47,512.03","$45,390.54","$45,538.68","$33,327,427,106","$865,202,119,216"
"Mar 30, 2022","$47,456.90","$47,655.15","$46,746.21","$47,062.66","$29,333,883,962","$894,116,777,852"
"Mar 29, 2022","$47,100.44","$48,022.29","$47,100.44","$47,465.73","$31,397,059,069","$901,733,146,417"
"Mar 28, 2022","$46,821.85","$48,086.84","$46,690.20","$47,128.01","$36,362,175,703","$895,273,041,065"
"Mar 27, 2022","$44,505.36","$46,827.55","$44,437.29","$46,820.49","$28,160,889,722","$889,385,706,663"
"Mar 26, 2022","$44,349.86","$44,736.00","$44,166.28","$44,500.83","$16,950,455,995","$845,283,757,076"
"Mar 25, 2022","$43,964.55","$44,999.49","$43,706.29","$44,348.73","$30,574,413,034","$842,351,457,245"
"Mar 24, 2022","$42,886.65","$44,131.85","$42,726.16","$43,960.93","$31,042,992,291","$834,943,671,214"
"Mar 23, 2022","$42,364.38","$42,893.51","$41,877.51","$42,892.96","$25,242,943,069","$814,620,088,889"
"Mar 22, 2022","$41,074.10","$43,124.71","$40,948.28","$42,358.81","$32,004,652,376","$804,437,952,236"
"Mar 21, 2022","$41,246.13","$41,454.41","$40,668.04","$41,078.00","$24,615,543,271","$780,074,755,650"
"Mar 20, 2022","$42,191.41","$42,241.16","$41,004.76","$41,247.82","$20,127,946,682","$783,260,570,384"
"Mar 19, 2022","$41,794.65","$42,316.55","$41,602.67","$42,190.65","$19,664,853,187","$801,124,017,583"
"Mar 18, 2022","$40,944.84","$42,195.74","$40,302.40","$41,801.15","$34,421,564,942","$793,688,176,484"
"Mar 17, 2022","$41,140.84","$41,287.54","$40,662.87","$40,951.38","$22,009,601,093","$777,515,183,730"
"Mar 16, 2022","$39,335.57","$41,465.45","$39,022.35","$41,143.93","$39,616,916,192","$781,131,586,213"
"Mar 15, 2022","$39,664.25","$39,794.63","$38,310.21","$39,338.79","$23,934,000,868","$746,821,744,421"
"Mar 14, 2022","$37,846.32","$39,742.50","$37,680.73","$39,666.76","$24,322,159,070","$753,013,859,090"
"Mar 13, 2022","$38,884.72","$39,209.35","$37,728.14","$37,849.66","$17,300,745,310","$718,481,905,386"
"Mar 12, 2022","$38,794.46","$39,308.60","$38,772.54","$38,904.01","$14,616,450,657","$738,459,914,964"
"Mar 11, 2022","$39,439.97","$40,081.68","$38,347.43","$38,794.97","$26,364,890,465","$736,353,069,777"
"Mar 10, 2022","$41,974.07","$42,004.73","$38,832.94","$39,437.46","$31,078,064,711","$748,513,363,763"
"Mar 09, 2022","$38,742.82","$42,465.67","$38,706.09","$41,982.93","$32,284,121,034","$796,787,661,849"
"Mar 08, 2022","$38,059.90","$39,304.44","$37,957.39","$38,737.27","$25,776,583,476","$735,156,346,355"
"Mar 07, 2022","$38,429.30","$39,430.23","$37,260.20","$38,062.04","$28,546,143,503","$722,305,696,828"
"Mar 06, 2022","$39,404.20","$39,640.18","$38,211.65","$38,419.98","$19,745,229,902","$729,062,407,067"
"Mar 05, 2022","$39,148.45","$39,566.34","$38,777.04","$39,400.58","$16,975,917,450","$747,638,613,405"
"Mar 04, 2022","$42,458.14","$42,479.61","$38,805.85","$39,137.60","$28,516,271,427","$742,617,908,335"
"Mar 03, 2022","$43,925.20","$44,021.58","$41,914.75","$42,451.79","$24,967,782,593","$805,466,458,785"
"Mar 02, 2022","$44,357.62","$45,077.58","$43,432.85","$43,924.12","$29,183,112,630","$833,361,543,695"
"Mar 01, 2022","$43,194.50","$44,793.60","$42,952.58","$44,354.64","$32,479,047,645","$841,491,170,716"
"Feb 28, 2022","$37,706.00","$43,760.46","$37,518.21","$43,193.23","$35,690,014,104","$819,414,782,676"
"Feb 27, 2022","$39,098.70","$39,778.94","$37,268.98","$37,709.78","$23,450,127,612","$715,351,995,828"
"Feb 26, 2022","$39,213.08","$40,005.35","$38,702.53","$39,105.15","$17,467,554,129","$741,789,694,059"
"Feb 25, 2022","$38,333.75","$39,630.32","$38,111.34","$39,214.22","$26,545,599,159","$743,827,806,938"
"Feb 24, 2022","$37,278.57","$38,968.84","$34,459.22","$38,332.61","$46,383,802,093","$727,072,550,320"
"Feb 23, 2022","$38,285.28","$39,122.39","$37,201.82","$37,296.57","$21,849,073,843","$707,390,766,255"
"Feb 22, 2022","$37,068.77","$38,359.85","$36,488.93","$38,286.03","$25,493,150,450","$726,121,533,658"
"Feb 21, 2022","$38,423.21","$39,394.44","$36,950.48","$37,075.28","$29,280,402,798","$703,124,071,472"
"Feb 20, 2022","$40,118.10","$40,119.89","$38,112.81","$38,431.38","$18,340,576,452","$728,812,385,562"
"Feb 19, 2022","$40,026.02","$40,418.88","$39,713.06","$40,122.15","$13,736,557,863","$760,839,429,984"
"Feb 18, 2022","$40,552.13","$40,929.15","$39,637.62","$40,030.98","$23,310,007,704","$759,074,084,514"
"Feb 17, 2022","$43,937.07","$44,132.97","$40,249.37","$40,538.01","$26,246,662,813","$768,654,436,207"
"Feb 16, 2022","$44,578.28","$44,578.28","$43,456.69","$43,961.86","$19,792,547,657","$833,531,932,920"
"Feb 15, 2022","$42,586.46","$44,667.22","$42,491.03","$44,575.20","$22,721,659,051","$845,117,683,687"
"Feb 14, 2022","$42,157.40","$42,775.78","$41,681.96","$42,586.92","$20,827,783,012","$807,375,855,006"
"Feb 13, 2022","$42,236.57","$42,693.05","$41,950.94","$42,197.52","$14,741,589,015","$799,950,408,997"
"Feb 12, 2022","$42,412.30","$42,992.55","$41,852.57","$42,244.47","$18,152,390,304","$800,797,790,301"
"Feb 11, 2022","$43,571.13","$43,810.83","$42,114.54","$42,407.94","$26,954,925,781","$803,848,273,503"
"Feb 10, 2022","$44,347.80","$45,661.17","$43,402.81","$43,565.11","$32,142,048,537","$825,745,116,530"
"Feb 09, 2022","$44,096.70","$44,727.80","$43,232.97","$44,338.80","$23,245,887,300","$840,369,284,541"
"Feb 08, 2022","$43,854.65","$45,293.87","$42,807.84","$44,118.45","$33,079,398,868","$836,154,543,908"
"Feb 07, 2022","$42,406.78","$44,401.86","$41,748.16","$43,840.29","$28,641,855,926","$830,838,884,165"
"Feb 06, 2022","$41,441.12","$42,500.79","$41,244.91","$42,412.43","$16,142,097,334","$803,744,511,638"
"Feb 05, 2022","$41,501.48","$41,847.16","$41,038.10","$41,441.16","$19,652,846,215","$785,297,889,648"
"Feb 04, 2022","$37,149.26","$41,527.79","$37,093.63","$41,500.88","$29,412,210,792","$786,396,684,548"
"Feb 03, 2022","$36,944.81","$37,154.60","$36,375.54","$37,154.60","$18,591,534,769","$704,010,232,687"
"Feb 02, 2022","$38,743.71","$38,834.62","$36,832.73","$36,952.98","$19,155,189,416","$700,155,817,836"
"Feb 01, 2022","$38,481.77","$39,115.13","$38,113.66","$38,743.27","$20,288,500,328","$734,039,224,255"
"Jan 31, 2022","$37,920.28","$38,647.26","$36,733.57","$38,483.13","$20,734,730,465","$729,073,641,688"
"Jan 30, 2022","$38,151.92","$38,266.34","$37,437.71","$37,917.60","$14,643,548,444","$718,325,967,803"
"Jan 29, 2022","$37,780.71","$38,576.26","$37,406.47","$38,138.18","$17,194,183,075","$722,469,136,410"
"Jan 28, 2022","$37,128.44","$37,952.88","$36,211.11","$37,784.33","$22,238,830,523","$715,731,622,071"
"Jan 27, 2022","$36,841.88","$37,148.32","$35,629.28","$37,138.23","$25,041,426,629","$703,456,873,493"
"Jan 26, 2022","$36,950.51","$38,825.41","$36,374.91","$36,852.12","$31,324,598,034","$698,006,361,956"
"Jan 25, 2022","$36,654.81","$37,444.57","$35,779.43","$36,954.00","$26,428,189,594","$699,907,393,886"
"Jan 24, 2022","$36,275.73","$37,247.52","$33,184.06","$36,654.33","$41,856,658,597","$694,196,560,317"
"Jan 23, 2022","$35,047.36","$36,433.31","$34,784.97","$36,276.80","$26,017,975,951","$687,012,848,062"
"Jan 22, 2022","$36,471.59","$36,688.81","$34,349.25","$35,030.25","$39,714,385,405","$663,374,008,017"
"Jan 21, 2022","$40,699.61","$41,060.53","$35,791.43","$36,457.32","$43,011,992,031","$690,368,973,093"
"Jan 20, 2022","$41,744.03","$43,413.02","$40,672.82","$40,680.42","$20,382,033,940","$770,304,579,439"
"Jan 19, 2022","$42,374.04","$42,478.30","$41,242.91","$41,744.33","$23,091,543,258","$790,406,427,118"
"Jan 18, 2022","$42,250.07","$42,534.40","$41,392.22","$42,375.63","$22,417,209,227","$802,313,747,480"
"Jan 17, 2022","$43,118.12","$43,179.39","$41,680.32","$42,250.55","$21,690,904,261","$799,910,089,279"
"Jan 16, 2022","$43,172.04","$43,436.81","$42,691.02","$43,113.88","$17,902,097,845","$816,211,499,221"
"Jan 15, 2022","$43,101.90","$43,724.67","$42,669.04","$43,177.40","$18,371,348,298","$817,364,571,824"
"Jan 14, 2022","$42,598.87","$43,346.69","$41,982.62","$43,099.70","$23,577,403,399","$815,850,639,036"
"Jan 13, 2022","$43,946.74","$44,278.42","$42,447.04","$42,591.57","$47,691,135,082","$806,189,762,638"
"Jan 12, 2022","$42,742.18","$44,135.37","$42,528.99","$43,949.10","$33,499,938,689","$831,836,978,396"
"Jan 11, 2022","$41,819.51","$43,001.16","$41,407.75","$42,735.85","$26,327,648,900","$808,834,801,011"
"Jan 10, 2022","$41,910.23","$42,199.49","$39,796.57","$41,821.26","$32,104,232,331","$791,484,886,194"
"Jan 09, 2022","$41,734.73","$42,663.95","$41,338.16","$41,911.60","$21,294,384,372","$793,156,354,744"
"Jan 08, 2022","$41,561.47","$42,228.94","$40,672.28","$41,733.94","$28,066,355,845","$789,758,782,727"
"Jan 07, 2022","$43,153.57","$43,153.57","$41,077.45","$41,557.90","$84,196,607,520","$786,389,774,194"
"Jan 06, 2022","$43,565.51","$43,748.72","$42,645.54","$43,160.93","$30,208,048,289","$816,685,390,313"
"Jan 05, 2022","$45,899.36","$46,929.05","$42,798.22","$43,569.00","$36,851,084,859","$824,368,284,530"
"Jan 04, 2022","$46,458.85","$47,406.55","$45,752.46","$45,897.58","$42,494,677,905","$868,383,282,082"
"Jan 03, 2022","$47,343.54","$47,510.73","$45,835.96","$46,458.12","$33,071,628,362","$878,946,596,803"
"Jan 02, 2022","$47,680.93","$47,881.41","$46,856.94","$47,345.22","$27,951,569,547","$895,688,387,523"
"Jan 01, 2022","$46,311.74","$47,827.31","$46,288.49","$47,686.81","$24,582,667,004","$902,104,193,385"
"Dec 31, 2021","$47,169.37","$48,472.53","$45,819.95","$46,306.45","$36,974,172,400","$875,939,356,679"
"Dec 30, 2021","$46,490.61","$47,879.97","$46,060.31","$47,178.13","$26,686,491,018","$892,386,327,929"
"Dec 29, 2021","$47,623.87","$48,119.74","$46,201.49","$46,444.71","$30,049,226,299","$878,478,755,242"
"Dec 28, 2021","$50,679.86","$50,679.86","$47,414.21","$47,588.85","$33,430,376,883","$900,076,230,597"
"Dec 27, 2021","$50,802.61","$51,956.33","$50,499.47","$50,640.42","$24,324,345,758","$957,746,390,396"
"Dec 26, 2021","$50,428.69","$51,196.38","$49,623.10","$50,809.52","$20,964,372,926","$960,899,995,735"
"Dec 25, 2021","$50,854.92","$51,176.60","$50,236.71","$50,429.86","$19,030,650,914","$953,678,082,633"
"Dec 24, 2021","$50,806.05","$51,814.03","$50,514.49","$50,822.20","$24,367,912,228","$961,051,547,919"
"Dec 23, 2021","$48,626.34","$51,332.34","$48,065.84","$50,784.54","$28,223,878,108","$960,290,825,000"
"Dec 22, 2021","$48,937.10","$49,544.80","$48,450.94","$48,628.51","$24,447,979,559","$919,476,035,254"
"Dec 21, 2021","$46,886.08","$49,300.92","$46,698.77","$48,936.61","$27,055,803,928","$925,255,868,119"
"Dec 20, 2021","$46,707.06","$47,401.72","$45,579.81","$46,880.28","$30,961,902,129","$886,331,446,165"
"Dec 19, 2021","$46,853.87","$48,089.66","$46,502.95","$46,707.01","$25,154,053,861","$883,011,296,030"
"Dec 18, 2021","$46,219.26","$47,313.83","$45,598.44","$46,848.78","$26,098,292,690","$885,650,029,984"
"Dec 17, 2021","$47,653.73","$48,004.89","$45,618.22","$46,202.14","$32,902,725,329","$873,389,147,689"
"Dec 16, 2021","$48,900.46","$49,425.57","$47,529.88","$47,665.43","$27,268,150,947","$901,005,821,508"
"Dec 15, 2021","$48,379.75","$49,473.96","$46,671.97","$48,896.72","$36,541,828,520","$924,244,252,417"
"Dec 14, 2021","$46,709.82","$48,431.40","$46,424.50","$46,612.63","$34,638,619,079","$881,018,067,731"
"Dec 13, 2021","$50,114.74","$50,205.00","$45,894.85","$46,737.48","$32,166,727,776","$883,345,705,454"
"Dec 12, 2021","$49,354.85","$50,724.87","$48,725.85","$50,098.34","$21,939,223,599","$946,823,114,555"
"Dec 11, 2021","$47,264.63","$49,458.21","$46,942.35","$49,362.51","$25,775,869,261","$932,873,019,896"
"Dec 10, 2021","$47,642.14","$50,015.25","$47,023.70","$47,243.31","$30,966,005,122","$892,777,676,312"
"Dec 09, 2021","$50,450.08","$50,797.17","$47,358.35","$47,672.12","$29,603,577,251","$900,835,068,960"
"Dec 08, 2021","$50,667.65","$51,171.38","$48,765.99","$50,504.80","$28,479,699,446","$954,312,404,511"
"Dec 07, 2021","$50,581.83","$51,934.78","$50,175.81","$50,700.08","$33,676,814,852","$957,948,940,989"
"Dec 06, 2021","$49,413.48","$50,929.52","$47,281.04","$50,582.63","$37,707,308,001","$955,680,910,792"
"Dec 05, 2021","$49,201.52","$49,768.15","$47,857.50","$49,368.85","$37,198,201,161","$932,695,365,142"
"Dec 04, 2021","$53,727.88","$53,904.68","$42,874.62","$49,200.70","$61,385,677,469","$929,467,386,770"
"Dec 03, 2021","$56,509.17","$57,482.17","$52,496.59","$53,598.25","$39,789,134,215","$1,012,490,599,979"
"Dec 02, 2021","$57,217.37","$57,349.23","$55,895.13","$56,477.82","$32,379,968,686","$1,066,829,261,574"
"Dec 01, 2021","$56,907.97","$59,041.69","$56,553.08","$57,229.83","$36,858,195,307","$1,080,977,744,339"
"Nov 30, 2021","$57,830.11","$59,113.40","$56,057.28","$57,005.43","$36,708,594,618","$1,076,689,232,562"
"Nov 29, 2021","$57,291.90","$58,872.88","$56,792.53","$57,806.57","$32,370,840,356","$1,091,773,828,974"
"Nov 28, 2021","$54,813.02","$57,393.84","$53,576.74","$57,248.46","$28,116,886,357","$1,081,180,416,262"
"Nov 27, 2021","$53,736.43","$55,329.26","$53,668.36","$54,815.08","$30,560,857,714","$1,035,176,249,679"
"Nov 26, 2021","$58,960.29","$59,183.48","$53,569.76","$53,569.76","$41,810,748,221","$1,011,613,083,342"
"Nov 25, 2021","$57,165.42","$59,367.97","$57,146.69","$57,274.68","$34,284,016,248","$1,081,500,188,674"
"Nov 24, 2021","$57,565.85","$57,803.07","$55,964.22","$56,280.43","$36,635,566,789","$1,062,661,698,465"
"Nov 23, 2021","$56,304.56","$57,875.52","$55,632.76","$57,569.07","$37,485,803,899","$1,086,985,075,773"
"Nov 22, 2021","$58,706.85","$59,266.36","$55,679.84","$56,289.29","$35,036,121,783","$1,062,772,703,759"
"Nov 21, 2021","$59,730.51","$60,004.43","$58,618.93","$58,730.48","$26,123,447,605","$1,108,812,311,533"
"Nov 20, 2021","$58,115.08","$59,859.88","$57,469.73","$59,697.20","$30,624,264,863","$1,127,014,430,118"
"Nov 19, 2021","$56,896.13","$58,351.11","$55,705.18","$58,119.58","$38,702,407,772","$1,097,177,697,853"
"Nov 18, 2021","$60,360.14","$60,948.50","$56,550.79","$56,942.14","$41,388,338,699","$1,074,900,976,539"
"Nov 17, 2021","$60,139.62","$60,823.61","$58,515.41","$60,368.01","$39,178,392,930","$1,139,519,389,072"
"Nov 16, 2021","$63,721.20","$63,721.20","$59,016.34","$60,161.25","$46,844,335,592","$1,135,559,300,073"
"Nov 15, 2021","$65,521.29","$66,281.57","$63,548.14","$63,557.87","$30,558,763,548","$1,199,611,097,094"
"Nov 14, 2021","$64,455.37","$65,495.18","$63,647.81","$65,466.84","$25,122,092,191","$1,235,578,996,842"
"Nov 13, 2021","$64,158.12","$64,915.67","$63,303.73","$64,469.53","$30,474,228,777","$1,216,695,126,358"
"Nov 12, 2021","$64,863.98","$65,460.81","$62,333.91","$64,155.94","$36,084,893,887","$1,210,715,199,478"
"Nov 11, 2021","$64,978.89","$65,579.01","$64,180.49","$64,949.96","$35,880,633,236","$1,225,643,127,560"
"Nov 10, 2021","$66,953.34","$68,789.63","$63,208.11","$64,995.23","$48,730,828,378","$1,226,431,510,693"
"Nov 09, 2021","$67,549.74","$68,530.34","$66,382.06","$66,971.83","$42,357,991,721","$1,263,667,113,597"
"Nov 08, 2021","$63,344.07","$67,673.74","$63,344.07","$67,566.83","$41,125,608,330","$1,274,831,490,851"
"Nov 07, 2021","$61,554.92","$63,326.99","$61,432.49","$63,326.99","$24,726,754,302","$1,194,778,776,481"
"Nov 06, 2021","$61,068.87","$61,590.68","$60,163.78","$61,527.48","$29,094,934,221","$1,160,769,349,887"
"Nov 05, 2021","$61,460.08","$62,541.47","$60,844.61","$61,125.67","$30,605,102,446","$1,153,128,571,128"
"Nov 04, 2021","$62,941.80","$63,123.29","$60,799.66","$61,452.23","$32,615,846,901","$1,159,231,375,022"
"Nov 03, 2021","$63,254.33","$63,516.94","$61,184.24","$62,970.05","$36,124,731,509","$1,187,808,286,560"
"Nov 02, 2021","$60,963.25","$64,242.79","$60,673.06","$63,226.40","$37,746,665,647","$1,192,577,136,210"
"Nov 01, 2021","$61,320.45","$62,419.00","$59,695.18","$61,004.41","$36,150,572,843","$1,150,606,762,880"
"Oct 31, 2021","$61,850.49","$62,406.17","$60,074.33","$61,318.96","$32,241,199,927","$1,156,485,845,063"
"Oct 30, 2021","$62,239.36","$62,330.15","$60,918.39","$61,888.83","$32,157,938,616","$1,167,178,054,167"
"Oct 29, 2021","$60,624.87","$62,927.61","$60,329.97","$62,227.96","$36,856,881,767","$1,173,512,442,368"
"Oct 28, 2021","$58,470.73","$62,128.63","$58,206.92","$60,622.14","$45,257,083,247","$1,143,165,999,365"
"Oct 27, 2021","$60,352.00","$61,435.18","$58,208.19","$58,482.39","$43,657,076,893","$1,102,757,767,323"
"Oct 26, 2021","$63,032.76","$63,229.03","$59,991.16","$60,363.79","$34,878,965,587","$1,138,177,770,430"
"Oct 25, 2021","$60,893.93","$63,729.33","$60,691.80","$63,039.83","$31,064,911,614","$1,188,575,312,422"
"Oct 24, 2021","$61,368.34","$61,505.80","$59,643.35","$60,930.84","$27,316,183,882","$1,148,743,134,468"
"Oct 23, 2021","$60,694.63","$61,743.88","$59,826.52","$61,393.62","$26,882,546,034","$1,157,410,091,263"
"Oct 22, 2021","$62,237.89","$63,715.02","$60,122.80","$60,692.26","$38,434,082,775","$1,144,131,483,274"
"Oct 21, 2021","$66,002.23","$66,600.55","$62,117.41","$62,210.17","$45,908,121,370","$1,172,684,282,558"
"Oct 20, 2021","$64,284.59","$66,930.39","$63,610.67","$65,992.84","$40,788,955,582","$1,243,927,428,207"
"Oct 19, 2021","$62,043.17","$64,434.53","$61,622.93","$64,261.99","$40,471,196,346","$1,211,242,526,571"
"Oct 18, 2021","$61,548.80","$62,614.66","$60,012.76","$62,026.08","$38,055,562,075","$1,169,039,169,043"
"Oct 17, 2021","$60,887.65","$61,645.52","$59,164.47","$61,553.62","$29,032,367,511","$1,160,077,513,368"
"Oct 16, 2021","$61,609.53","$62,274.48","$60,206.12","$60,892.18","$34,250,964,237","$1,147,551,202,767"
"Oct 15, 2021","$57,345.90","$62,757.13","$56,868.14","$61,593.95","$51,780,081,801","$1,160,726,409,230"
"Oct 14, 2021","$57,372.83","$58,478.74","$56,957.08","$57,321.53","$36,615,791,366","$1,080,160,001,108"
"Oct 13, 2021","$56,038.26","$57,688.66","$54,370.97","$57,401.10","$41,684,252,783","$1,081,611,750,762"
"Oct 12, 2021","$57,526.83","$57,627.88","$54,477.97","$56,041.06","$41,083,758,949","$1,055,926,265,435"
"Oct 11, 2021","$54,734.12","$57,793.04","$54,519.77","$57,484.79","$42,637,331,698","$1,083,079,138,639"
"Oct 10, 2021","$54,952.82","$56,401.30","$54,264.26","$54,771.58","$39,527,792,364","$1,031,909,532,688"
"Oct 09, 2021","$53,929.78","$55,397.94","$53,735.14","$54,968.22","$32,491,211,414","$1,035,558,748,272"
"Oct 08, 2021","$53,802.15","$55,922.98","$53,688.06","$53,967.85","$34,800,873,924","$1,016,664,484,566"
"Oct 07, 2021","$55,338.62","$55,338.62","$53,525.47","$53,805.99","$36,807,860,413","$1,013,573,258,668"
"Oct 06, 2021","$51,486.67","$55,568.46","$50,488.19","$55,361.45","$49,034,730,168","$1,042,827,678,808"
"Oct 05, 2021","$49,174.96","$51,839.99","$49,072.84","$51,514.81","$35,873,904,236","$970,325,310,417"
"Oct 04, 2021","$48,208.91","$49,456.78","$47,045.00","$49,112.90","$33,383,173,002","$925,033,195,574"
"Oct 03, 2021","$47,680.03","$49,130.69","$47,157.29","$48,199.95","$26,638,115,879","$907,791,525,236"
"Oct 02, 2021","$48,137.47","$48,282.06","$47,465.50","$47,711.49","$30,614,346,492","$898,547,418,743"
"Oct 01, 2021","$43,816.74","$48,436.01","$43,320.02","$48,116.94","$42,850,641,582","$906,127,699,408"
"Sep 30, 2021","$41,551.27","$44,092.60","$41,444.58","$43,790.90","$31,141,681,925","$824,619,217,608"
"Sep 29, 2021","$41,064.98","$42,545.26","$40,829.67","$41,564.36","$30,602,359,905","$782,651,228,474"
"Sep 28, 2021","$42,200.90","$42,775.15","$40,931.66","$41,034.54","$30,214,940,550","$772,639,687,709"
"Sep 27, 2021","$43,234.18","$44,313.25","$42,190.63","$42,235.73","$30,980,029,059","$795,216,175,345"
"Sep 26, 2021","$42,721.63","$43,919.30","$40,848.46","$43,208.54","$30,661,222,077","$813,490,665,613"
"Sep 25, 2021","$42,840.89","$42,996.26","$41,759.92","$42,716.59","$31,604,717,236","$804,192,450,113"
"Sep 24, 2021","$44,894.30","$45,080.49","$40,936.56","$42,839.75","$42,839,345,714","$806,470,363,647"
"Sep 23, 2021","$43,560.30","$44,942.17","$43,109.34","$44,895.10","$34,244,064,430","$845,122,403,460"
"Sep 22, 2021","$40,677.95","$43,978.62","$40,625.63","$43,574.51","$38,139,709,246","$820,218,503,579"
"Sep 21, 2021","$43,012.23","$43,607.61","$39,787.61","$40,693.68","$48,701,090,088","$765,958,488,767"
"Sep 20, 2021","$47,261.41","$47,328.20","$42,598.92","$42,843.80","$43,909,845,642","$806,395,852,718"
"Sep 19, 2021","$48,268.86","$48,328.37","$46,919.80","$47,260.22","$26,967,722,648","$889,472,404,520"
"Sep 18, 2021","$47,273.53","$48,791.78","$47,087.28","$48,278.36","$28,575,630,451","$908,584,317,849"
"Sep 17, 2021","$47,771.00","$48,160.92","$46,832.52","$47,267.52","$28,727,713,711","$889,514,744,351"
"Sep 16, 2021","$48,158.91","$48,486.83","$47,079.56","$47,783.36","$31,764,293,754","$899,179,151,780"
"Sep 15, 2021","$47,098.00","$48,450.47","$46,773.33","$48,176.35","$30,484,496,466","$906,532,479,371"
"Sep 14, 2021","$44,960.05","$47,218.13","$44,752.33","$47,092.49","$38,652,152,880","$886,095,283,701"
"Sep 13, 2021","$46,057.22","$46,598.68","$43,591.32","$44,963.07","$40,969,943,253","$845,980,481,365"
"Sep 12, 2021","$45,206.63","$46,364.88","$44,790.46","$46,063.27","$27,881,980,161","$866,636,671,662"
"Sep 11, 2021","$44,869.84","$45,969.29","$44,818.27","$45,201.46","$34,499,835,245","$850,381,828,071"
"Sep 10, 2021","$46,396.66","$47,031.74","$44,344.49","$44,883.91","$39,154,666,597","$844,367,023,727"
"Sep 09, 2021","$45,774.74","$47,261.95","$45,669.74","$46,391.42","$38,672,657,013","$872,686,454,372"
"Sep 08, 2021","$46,827.76","$47,334.06","$44,561.39","$46,091.39","$49,007,762,488","$867,002,908,109"
"Sep 07, 2021","$52,660.48","$52,853.76","$43,285.21","$46,811.13","$65,210,059,683","$880,498,621,998"
"Sep 06, 2021","$51,769.00","$52,700.94","$51,053.68","$52,633.54","$38,884,105,426","$989,965,076,456"
"Sep 05, 2021","$49,937.86","$51,868.68","$49,538.60","$51,753.41","$30,322,676,319","$973,354,882,473"
"Sep 04, 2021","$50,009.33","$50,545.58","$49,548.78","$49,944.63","$37,471,327,794","$939,286,123,133"
"Sep 03, 2021","$49,288.25","$50,982.27","$48,386.09","$50,025.37","$43,206,179,619","$940,757,184,680"
"Sep 02, 2021","$48,807.85","$50,343.42","$48,652.32","$49,327.72","$39,508,070,319","$927,590,865,738"
"Sep 01, 2021","$47,099.77","$49,111.09","$46,562.44","$48,847.03","$39,139,399,125","$918,501,510,157"
"Aug 31, 2021","$47,024.34","$48,189.55","$46,750.09","$47,166.69","$34,730,363,427","$886,869,903,603"
"Aug 30, 2021","$48,834.85","$48,925.61","$46,950.27","$47,054.98","$31,847,007,016","$884,727,824,089"
"Aug 29, 2021","$48,911.25","$49,644.11","$47,925.86","$48,829.83","$25,889,650,240","$918,057,300,166"
"Aug 28, 2021","$49,072.59","$49,283.51","$48,499.24","$48,902.40","$28,568,103,401","$919,372,790,254"
"Aug 27, 2021","$46,894.56","$49,112.79","$46,394.28","$49,058.67","$34,511,076,995","$922,265,559,164"
"Aug 26, 2021","$49,002.64","$49,347.58","$46,405.78","$46,942.22","$32,666,549,568","$882,436,522,913"
"Aug 25, 2021","$47,727.26","$49,202.88","$47,163.61","$48,960.79","$32,646,349,931","$920,337,950,861"
"Aug 24, 2021","$49,562.35","$49,878.77","$47,687.12","$47,706.12","$35,361,168,834","$896,704,765,697"
"Aug 23, 2021","$49,291.68","$50,482.08","$49,074.61","$49,546.15","$34,305,053,719","$931,244,272,409"
"Aug 22, 2021","$48,869.10","$49,471.61","$48,199.94","$49,321.65","$25,370,975,378","$926,961,622,395"
"Aug 21, 2021","$49,327.07","$49,717.02","$48,312.20","$48,905.49","$40,585,205,312","$919,092,181,743"
"Aug 20, 2021","$46,723.12","$49,342.15","$46,650.71","$49,339.18","$34,706,867,452","$927,189,789,032"
"Aug 19, 2021","$44,741.88","$46,970.76","$43,998.32","$46,717.58","$37,204,312,299","$877,875,534,875"
"Aug 18, 2021","$44,686.75","$45,952.06","$44,364.03","$44,801.19","$32,194,123,075","$841,823,296,233"
"Aug 17, 2021","$45,936.46","$47,139.57","$44,512.42","$44,695.36","$33,451,362,600","$839,796,717,683"
"Aug 16, 2021","$47,019.96","$47,998.10","$45,700.32","$46,004.48","$32,776,876,610","$864,345,726,183"
"Aug 15, 2021","$47,096.67","$47,357.11","$45,579.59","$47,047.00","$30,988,958,446","$883,882,942,188"
"Aug 14, 2021","$47,810.69","$48,098.68","$46,177.63","$47,096.95","$31,211,354,442","$884,769,956,069"
"Aug 13, 2021","$44,439.69","$47,831.98","$44,282.42","$47,793.32","$31,744,259,539","$897,802,604,441"
"Aug 12, 2021","$45,576.88","$46,228.91","$43,861.45","$44,428.29","$33,723,620,826","$834,546,790,666"
"Aug 11, 2021","$45,599.70","$46,735.63","$45,351.71","$45,593.64","$34,319,709,073","$856,398,622,622"
"Aug 10, 2021","$46,280.85","$46,637.99","$44,705.56","$45,585.03","$33,546,019,517","$856,195,142,352"
"Aug 09, 2021","$43,791.93","$46,456.83","$42,848.69","$46,365.40","$38,734,079,049","$870,805,373,889"
"Aug 08, 2021","$44,574.44","$45,282.35","$43,331.91","$43,798.12","$36,302,664,750","$822,545,074,286"
"Aug 07, 2021","$42,832.80","$44,689.86","$42,618.57","$44,555.80","$40,030,862,141","$836,730,623,772"
"Aug 06, 2021","$40,865.87","$43,271.66","$39,932.18","$42,816.50","$38,226,483,046","$804,022,903,682"
"Aug 05, 2021","$39,744.51","$41,341.93","$37,458.00","$40,869.55","$35,185,031,017","$767,423,192,906"
"Aug 04, 2021","$38,213.33","$39,952.30","$37,589.17","$39,747.51","$25,372,562,724","$746,313,542,791"
"Aug 03, 2021","$39,178.40","$39,750.03","$37,782.05","$38,152.98","$26,189,830,450","$716,341,544,145"
"Aug 02, 2021","$39,907.26","$40,419.18","$38,746.35","$39,201.95","$25,595,265,436","$735,995,665,489"
"Aug 01, 2021","$41,460.84","$42,541.68","$39,540.94","$39,974.90","$26,688,438,115","$750,472,428,208"
"Jul 31, 2021","$42,196.30","$42,231.45","$41,110.83","$41,626.20","$25,802,845,343","$781,431,379,811"
"Jul 30, 2021","$40,027.48","$42,235.55","$38,397.35","$42,235.55","$33,072,782,960","$792,829,863,258"
"Jul 29, 2021","$39,995.45","$40,593.07","$39,352.06","$40,008.42","$27,167,146,027","$750,980,784,072"
"Jul 28, 2021","$39,503.19","$40,816.07","$38,862.44","$39,995.91","$38,702,404,695","$750,706,646,107"
"Jul 27, 2021","$37,276.04","$39,406.94","$36,441.73","$39,406.94","$35,097,370,560","$739,612,127,373"
"Jul 26, 2021","$35,384.03","$40,499.68","$35,287.31","$37,337.53","$51,022,126,212","$700,734,471,386"
"Jul 25, 2021","$34,290.29","$35,364.93","$33,881.84","$35,350.19","$20,856,685,287","$663,401,935,103"
"Jul 24, 2021","$33,593.73","$34,490.39","$33,424.86","$34,292.45","$21,664,706,865","$643,518,528,651"
"Jul 23, 2021","$32,305.96","$33,581.55","$32,057.89","$33,581.55","$22,552,046,192","$630,147,722,704"
"Jul 22, 2021","$32,138.87","$32,576.40","$31,745.30","$32,313.11","$19,555,230,518","$606,316,858,335"
"Jul 21, 2021","$29,796.29","$32,752.33","$29,526.18","$32,110.69","$28,203,024,559","$602,489,309,202"